model	evaluator	average_score
gpt3.5_en_nan01_poj	POJ-Standard-BLEU	0.000000000000000000000000000000000000000000000000000000000000000000000000000000000000000000000000000000000000000000000000000000000000000000000000000000000000000000000000000000000000000000000000000000000000000000000000000000000000000823810008391562
gpt3.5_en_nan01_poj	POJ-Standard-BLEU-1-gram	0.0854007049001043
gpt3.5_en_nan01_poj	POJ-Standard-BLEU-2-gram	0.0000000000000000000000000000000000000000000000000000000000000000000000000000000000000000000000000000000000000000000000000000000000000000000000000000000000000000000000000000000000000000000000000000000000000000000000000000000000000000000000000000000000000000000000000000000000000000000000000000000000000000000191038642562932
gpt4_en_nan01_poj	POJ-Standard-BLEU	0.000000000000000000000000000000000000000000000000000000000000000000000000000000000000000000000000000000000000000000000000000000000000000000000000000000000000124220323444072
gpt4_en_nan01_poj	POJ-Standard-BLEU-1-gram	0.0994845024380279
gpt4_en_nan01_poj	POJ-Standard-BLEU-2-gram	0.0000532311295645693
gpt4_en_nan3_poj	POJ-Standard-BLEU	0.000000000000000000000000000000000000000000000000000000000000000000000000000000000000000000000000000000000000000000000000000000000000000000000000000000000000000000000000000000000000000000000000000000000000000000000000000000000000000422595894867973
gpt4_en_nan3_poj	POJ-Standard-BLEU-1-gram	0.0933952111918214
gpt4_en_nan3_poj	POJ-Standard-BLEU-2-gram	0.00000000000000000000000000000000000000000000000000000000000000000000000000000000000000000000000000000000000000000000000000000000000000000000000000000000000000000000000000000000000000000000000000000000000000000000000000000000000000000000000000000000000000000000000000000000000000000000000000000000000000000000716549208671829